{"assets/Communication-skills.png":["assets/Communication-skills.png"],"assets/Health&Fitness.jpg":["assets/Health&Fitness.jpg"],"assets/cooking.png":["assets/cooking.png"],"assets/default_course.png":["assets/default_course.png"],"assets/digital-skills.png":["assets/digital-skills.png"],"assets/google_logo.png":["assets/google_logo.png"],"assets/icon.png":["assets/icon.png"],"assets/music.jpg":["assets/music.jpg"],"packages/cupertino_icons/assets/CupertinoIcons.ttf":["packages/cupertino_icons/assets/CupertinoIcons.ttf"]}